{"cameraMode":{"drawMode":0,"name":"Shaded","section":"Shading Mode"},"sceneLighting":true,"audioPlay":false,"sceneViewState":{"m_AlwaysRefresh":false,"showFog":true,"showSkybox":true,"showFlares":true,"showImageEffects":true,"showParticleSystems":true,"showVisualEffectGraphs":true,"m_FxEnabled":true},"in2DMode":false,"pivot":{"x":-0.020999908447265626,"y":2.2100000381469728,"z":-7.75100040435791},"rotation":{"x":0.12417686730623245,"y":-0.005356430541723967,"z":0.0006703816470690072,"w":0.9922458529472351},"size":0.6636519432067871,"orthographic":true}