{"cameraMode":{"drawMode":0,"name":"Shaded","section":"Shading Mode"},"sceneLighting":true,"audioPlay":false,"sceneViewState":{"m_AlwaysRefresh":false,"showFog":true,"showSkybox":true,"showFlares":true,"showImageEffects":true,"showParticleSystems":true,"showVisualEffectGraphs":true,"m_FxEnabled":true},"in2DMode":false,"pivot":{"x":0.07200002670288086,"y":1.1649999618530274,"z":-2.8520002365112306},"rotation":{"x":0.26467567682266238,"y":-0.15301111340522767,"z":0.04257744923233986,"w":0.9511682987213135},"size":0.7784213423728943,"orthographic":true}